Time (ns),Total E x (V/m),Total E y (V/m),Total E z (V/m)
0,0,0,0
0.00100003708,0,0,0
0.00200007415,0,0,0
0.00300011123,0,0,0
0.0040001483,0,0,0
0.00500018516,0,0,0
0.00600022245,0,0,0
0.00700025931,0,0,0
0.00800029661,0,0,0
0.00900033346,0,0,0
0.0100003703,0,0,0
0.0110004072,0,0,0
0.0120004449,0,0,0
0.0130004818,0,0,0
0.0140005186,0,0,0
0.0150005564,0,0,0
0.0160005932,0,0,0
0.0170006301,0,0,0
0.0180006669,0,0,0
0.0190007038,0,0,0
0.0200007406,0,0,0
0.0210007775,0,0,0
0.0220008144,0,0,0
0.0230008512,0,0,0
0.0240008898,0,0,0
0.0250009267,0,0,0
0.0260009635,0,0,0
0.0270010004,0,0,0
0.0280010373,0,0,0
0.0290010741,0,0,0
0.0300011127,0,0,0
0.0310011496,0,0,0
0.0320011864,0,0,0
0.0330012233,0,0,0
0.0340012601,0,0,0
0.035001297,0,0,0
0.0360013339,0,0,0
0.0370013707,0,0,0
0.0380014076,0,0,0
0.0390014444,0,0,0
0.0400014813,0,0,0
0.0410015182,0,0,0
0.042001555,0,0,0
0.0430015919,0,0,0
0.0440016287,0,0,0
0.0450016656,0,0,0
0.0460017024,0,0,0
0.0470017428,0,0,0
0.0480017796,0,0,0
0.0490018165,0,0,0
0.0500018534,0,0,0
0.0510018902,0,9.45607925e-10,-9.45607925e-10
0.0520019271,0,3.15775206e-09,-3.15775206e-09
0.0530019639,0,6.69412614e-09,-6.69412614e-09
0.0540020008,0,1.15631718e-08,-1.15631718e-08
0.0550020376,0,1.79059345e-08,-1.79059345e-08
0.0560020745,0,2.58348578e-08,-2.58348578e-08
0.0570021114,0,3.54293981e-08,-3.54293981e-08
0.0580021482,0,4.67347867e-08,-4.67347867e-08
0.0590021851,0,5.97632166e-08,-5.97632166e-08
0.0600022254,0,7.44962421e-08,-7.44962421e-08
0.0610022588,0,9.08897633e-08,-9.08897633e-08
0.0620022991,0,1.08879661e-07,-1.08879661e-07
0.0630023325,0,1.28388166e-07,-1.28388166e-07
0.0640023728,0,1.49330333e-07,-1.49330333e-07
0.0650024062,0,1.71620215e-07,-1.71620215e-07
0.0660024466,0,1.95175872e-07,-1.95175872e-07
0.06700248,0,2.19922967e-07,-2.19922967e-07
0.0680025203,0,2.45796855e-07,-2.45796855e-07
0.0690025537,0,2.72742199e-07,-2.72742199e-07
0.070002594,0,3.00711093e-07,-3.00711093e-07
0.0710026274,0,3.29659343e-07,-3.29659343e-07
0.0720026677,0,3.59540735e-07,-3.59540735e-07
0.0730027011,0,3.90300499e-07,-3.90300499e-07
0.0740027414,0,4.21867867e-07,-4.21867867e-07
0.0750027818,0,4.54148704e-07,-4.54148704e-07
0.0760028152,0,4.87017019e-07,-4.87017019e-07
0.0770028555,0,5.20309527e-07,-5.20309527e-07
0.0780028889,0,5.53819632e-07,-5.53819632e-07
0.0790029292,0,5.87293528e-07,-5.87293528e-07
0.0800029626,0,6.20427443e-07,-6.20427443e-07
0.0810030029,0,6.5286747e-07,-6.5286747e-07
0.0820030363,0,6.84209454e-07,-6.84209454e-07
0.0830030766,0,7.14001999e-07,-7.14001999e-07
0.08400311,0,7.41749034e-07,-7.41749034e-07
0.0850031504,0,7.66914013e-07,-7.66914013e-07
0.0860031837,0,7.88923842e-07,-7.88923842e-07
0.0870032241,0,8.07172682e-07,-8.07172682e-07
0.0880032575,0,8.21026163e-07,-8.21026163e-07
0.0890032978,0,8.29823762e-07,-8.29823762e-07
0.0900033312,0,8.32880801e-07,-8.32880801e-07
0.0910033715,0,8.29489636e-07,-8.29489636e-07
0.0920034049,0,8.1891983e-07,-8.1891983e-07
0.0930034452,0,8.00417183e-07,-8.00417183e-07
0.0940034856,0,7.73203681e-07,-7.73203681e-07
0.0950035189,0,7.36475386e-07,-7.36475386e-07
0.0960035593,0,6.8940318e-07,-6.8940318e-07
0.0970035927,0,6.31131741e-07,-6.31131741e-07
0.098003633,0,5.60780734e-07,-5.60780734e-07
0.0990036664,0,4.77447998e-07,-4.77447998e-07
0.100003707,0,3.80213493e-07,-3.80213493e-07
0.10100374,0,2.68144902e-07,-2.68144902e-07
0.10200378,0,1.40308117e-07,-1.40308117e-07
0.103003814,0,-4.22512425e-09,4.22512425e-09
0.104003854,0,-1.66364515e-07,1.66364515e-07
0.105003888,0,-3.46988259e-07,3.46988259e-07
0.106003928,0,-5.4692822e-07,5.4692822e-07
0.107003961,0,-7.66955566e-07,7.66955566e-07
0.108004002,0,-1.00776504e-06,1.00776504e-06
0.109004035,0,-1.26995724e-06,1.26995724e-06
0.110004075,0,-1.55402256e-06,1.55402256e-06
0.111004109,0,-1.8603273e-06,1.8603273e-06
0.112004149,0,-2.18909759e-06,2.18909759e-06
0.113004189,0,-2.54040265e-06,2.54040265e-06
0.114004223,0,-2.91414108e-06,2.91414108e-06
0.115004263,0,-3.31002411e-06,3.31002411e-06
0.116004296,0,-3.72756222e-06,3.72756222e-06
0.117004337,0,-4.16605099e-06,4.16605099e-06
0.11800437,0,-4.62454682e-06,4.62454682e-06
0.119004404,0,-5.10185873e-06,5.10185873e-06
0.120004451,0,-5.59652563e-06,5.59652563e-06
0.121004484,0,-6.10680081e-06,6.10680081e-06
0.122004518,0,-6.63063338e-06,6.63063338e-06
0.123004551,0,-7.16564136e-06,7.16564136e-06
0.124004598,0,-7.70909537e-06,7.70909537e-06
0.125004632,0,-8.25790357e-06,8.25790357e-06
0.126004665,0,-8.80858261e-06,8.80858261e-06
0.127004698,0,-9.35724438e-06,9.35724438e-06
0.128004746,0,-9.8995788e-06,9.8995788e-06
0.129004779,0,-1.04308338e-05,1.04308338e-05
0.130004812,0,-1.0945806e-05,1.0945806e-05
0.13100486,0,-1.1438834e-05,1.1438834e-05
0.132004893,0,-1.19037813e-05,1.19037813e-05
0.133004927,0,-1.23340396e-05,1.23340396e-05
0.13400496,0,-1.27225348e-05,1.27225348e-05
0.135005007,0,-1.30617191e-05,1.30617191e-05
0.136005041,0,-1.33435969e-05,1.33435969e-05
0.137005074,0,-1.35597265e-05,1.35597265e-05
0.138005107,0,-1.37012476e-05,1.37012476e-05
0.139005155,0,-1.37588959e-05,1.37588959e-05
0.140005188,0,-1.37230354e-05,1.37230354e-05
0.141005221,0,-1.35836899e-05,1.35836899e-05
0.142005255,0,-1.33305894e-05,1.33305894e-05
0.143005302,0,-1.29531982e-05,1.29531982e-05
0.144005335,0,-1.24407761e-05,1.24407761e-05
0.145005369,0,-1.17824284e-05,1.17824284e-05
0.146005402,0,-1.09671682e-05,1.09671682e-05
0.147005449,0,-9.98397809e-06,9.98397809e-06
0.148005483,0,-8.82189852e-06,8.82189852e-06
0.149005516,0,-7.47011654e-06,7.47011654e-06
0.150005564,0,-5.91803928e-06,5.91803928e-06
0.151005597,0,-4.15539989e-06,4.15539989e-06
0.15200563,0,-2.17236766e-06,2.17236766e-06
0.153005664,0,4.03498461e-08,-4.03498461e-08
0.154005711,0,2.49133973e-06,-2.49133973e-06
0.155005744,0,5.18839306e-06,-5.18839306e-06
0.156005778,0,8.13834322e-06,-8.13834322e-06
0.157005811,0,1.13469296e-05,-1.13469296e-05
0.158005858,0,1.481863e-05,-1.481863e-05
0.159005892,0,1.85565041e-05,-1.85565041e-05
0.160005925,0,2.25620333e-05,-2.25620333e-05
0.161005959,0,2.68349559e-05,-2.68349559e-05
0.162006006,0,3.13730816e-05,-3.13730816e-05
0.163006039,0,3.61720813e-05,-3.61720813e-05
0.164006073,0,4.12253648e-05,-4.12253648e-05
0.165006106,0,4.65238845e-05,-4.65238845e-05
0.166006153,0,5.20559661e-05,-5.20559661e-05
0.167006187,0,5.78071667e-05,-5.78071667e-05
0.16800622,0,6.37599733e-05,-6.37599733e-05
0.169006267,0,6.98937874e-05,-6.98937874e-05
0.170006301,0,7.61846968e-05,-7.61846968e-05
0.171006334,0,8.26053511e-05,-8.26053511e-05
0.172006367,0,8.91247764e-05,-8.91247764e-05
0.173006415,0,9.57082593e-05,-9.57082593e-05
0.174006448,0,0.000102317259,-0.000102317259
0.175006482,0,0.000108909277,-0.000108909277
0.176006515,0,0.000115437797,-0.000115437797
0.177006562,0,0.000121852187,-0.000121852187
0.178006596,0,0.000128097701,-0.000128097701
0.179006629,0,0.000134115398,-0.000134115398
0.180006662,0,0.000139842217,-0.000139842217
0.18100671,0,0.000145210972,-0.000145210972
0.182006743,0,0.000150150488,-0.000150150488
0.183006776,0,0.00015458565,-0.00015458565
0.18400681,0,0.00015843763,-0.00015843763
0.185006857,0,0.00016162399,-0.00016162399
0.18600689,0,0.000164058976,-0.000164058976
0.187006924,0,0.000165653837,-0.000165653837
0.188006971,0,0.000166316953,-0.000166316953
0.189007004,0,0.000165954538,-0.000165954538
0.190007038,0,0.00016447081,-0.00016447081
0.191007071,0,0.000161768548,-0.000161768548
0.192007119,0,0.000157749644,-0.000157749644
0.193007152,0,0.000152315581,-0.000152315581
0.194007185,0,0.000145368263,-0.000145368263
0.195007219,0,0.000136810559,-0.000136810559
0.196007266,0,0.000126547093,-0.000126547093
0.197007299,0,0.000114484938,-0.000114484938
0.198007333,0,0.000100534737,-0.000100534729
0.199007366,2.02084063e-13,8.46113762e-05,-8.46113689e-05
0.200007413,6.0625219e-13,6.66349879e-05,-6.66349879e-05
0.201007447,1.01042026e-12,4.65318626e-05,-4.65318662e-05
0.20200748,1.31354639e-12,2.42358419e-05,-2.42358492e-05
0.203007514,1.36406739e-12,-3.10956466e-07,3.1094919e-07
0.204007561,1.23776488e-12,-2.7156877e-05,2.71568697e-05
0.205007594,1.03568087e-12,-5.6339577e-05,5.63395697e-05
0.206007628,8.33596809e-13,-8.78847786e-05,8.78847713e-05
0.207007675,6.31512746e-13,-0.000121805177,0.000121805169
0.208007708,4.29428682e-13,-0.000158099268,0.000158099268
0.209007742,8.33596809e-13,-0.000196749636,0.000196749636
0.210007775,1.64193312e-12,-0.000237722183,0.000237722183
0.211007822,2.85443761e-12,-0.000280964741,0.000280964741
0.212007856,4.0669421e-12,-0.000326406182,0.000326406182
0.213007889,4.0669421e-12,-0.000373954448,0.000373954448
0.214007922,4.0669421e-12,-0.000423496094,0.000423496094
0.21500797,4.0669421e-12,-0.00047489506,0.00047489506
0.216008003,4.0669421e-12,-0.000527991448,0.000527991448
0.217008037,4.0669421e-12,-0.000582600594,0.000582600594
0.21800807,4.0669421e-12,-0.000638512429,0.000638512429
0.219008117,4.0669421e-12,-0.000695490453,0.000695490395
0.220008151,4.0669421e-12,-0.000753270928,0.00075327087
0.221008184,4.0669421e-12,-0.000811562815,0.000811562699
0.222008217,4.0669421e-12,-0.000870046788,0.000870046671
0.223008265,4.0669421e-12,-0.000928375637,0.000928375579
0.224008298,4.0669421e-12,-0.000986173167,0.000986173167
0.225008331,4.0669421e-12,-0.00104303518,0.00104303518
0.226008379,4.0669421e-12,-0.0010985292,0.0010985292
0.227008412,4.0669421e-12,-0.00115219562,0.00115219562
0.228008445,4.0669421e-12,-0.00120354712,0.00120354712
0.229008479,4.0669421e-12,-0.00125207112,0.00125207112
0.230008526,4.0669421e-12,-0.0012972299,0.0012972299
0.23100856,4.0669421e-12,-0.00133846258,0.00133846258
0.232008593,4.0669421e-12,-0.00137518637,0.00137518637
0.23300864,8.3359708e-13,-0.00140679895,0.00140679895
0.234008674,-2.39974794e-12,-0.00143268018,0.00143268018
0.235008707,-5.63309295e-12,-0.00145219534,0.00145219534
0.23600874,-8.86643797e-12,-0.00146469742,0.00146469742
0.237008774,-1.2099783e-11,-0.00146953028,0.00146953028
0.238008807,-1.53331271e-11,-0.00146603223,0.00146603223
0.23900884,-1.85664713e-11,-0.00145354006,0.00145354006
0.240008902,-2.17998154e-11,-0.00143139262,0.00143139274
0.241008935,-2.17998154e-11,-0.00139893487,0.00139893498
0.242008968,-1.85664713e-11,-0.00135552371,0.00135552383
0.243009002,-1.20997812e-11,-0.00130053202,0.00130053214
0.244009035,-2.3997462e-12,-0.00123335409,0.00123335409
0.245009069,7.30028885e-12,-0.00115341065,0.00115341053
0.246009102,1.70003248e-11,-0.00106015475,0.00106015464
0.247009163,2.67003607e-11,-0.000953077863,0.000953077688
0.248009197,3.31670524e-11,-0.000831715763,0.00083171553
0.24900923,3.47837245e-11,-0.000695655006,0.000695654773
0.250009263,3.31670524e-11,-0.000544539245,0.000544539012
0.251009297,2.99337083e-11,-0.000378075754,0.000378075551
0.25200933,2.50836903e-11,-0.000196041932,0.000196041758
0.253009363,1.82128323e-11,1.70884198e-06,-1.70898022e-06
0.254009397,9.24535188e-12,0.000215238484,-0.000215238601
0.255009458,-1.26302007e-12,0.000444517616,-0.000444517704
0.256009491,-1.33880641e-11,0.000689421082,-0.00068942114
0.257009525,-2.79381171e-11,0.000949722074,-0.000949722074
0.258009558,-4.24881692e-11,0.00122508139,-0.00122508139
0.259009592,-5.54215493e-11,0.00151504611,-0.00151504611
0.260009625,-6.51215817e-11,0.00181904214,-0.00181904214
0.261009658,-7.158827e-11,0.002136369,-0.002136369
0.262009719,-7.158827e-11,0.00246619456,-0.00246619456
0.263009753,-7.158827e-11,0.00280755153,-0.00280755153
0.264009786,-7.158827e-11,0.00315933232,-0.00315933232
0.26500982,-7.158827e-11,0.00352028618,-0.00352028618
0.266009853,-6.51215817e-11,0.00388901704,-0.00388901704
0.267009886,-5.21882017e-11,0.00426398125,-0.00426398125
0.26800992,-2.63214416e-11,0.00464348681,-0.00464348681
0.269009953,-4.54681431e-13,0.00502568902,-0.00502568902
0.270010014,2.54120787e-11,0.00540859578,-0.00540859578
0.271010048,5.12788388e-11,0.0057900683,-0.0057900683
0.272010081,7.71455955e-11,0.00616782485,-0.00616782485
0.273010115,1.03012356e-10,0.00653943839,-0.00653943839
0.274010148,1.28879116e-10,0.00690234778,-0.00690234778
0.275010181,1.54745883e-10,0.00725386152,-0.00725386152
0.276010215,1.67679259e-10,0.00759116327,-0.00759116327
0.277010248,1.80612636e-10,0.00791132171,-0.00791132171
0.278010309,1.93546013e-10,0.00821130164,-0.00821130164
0.279010343,2.06479389e-10,0.0084879715,-0.0084879715
0.280010376,2.19412766e-10,0.00873811543,-0.00873811543
0.281010409,2.58212896e-10,0.00895845238,-0.00895845238
0.282010443,3.22879778e-10,0.00914564356,-0.00914564356
0.283010476,4.13413442e-10,0.00929631293,-0.00929631293
0.28401051,5.29813859e-10,0.00940706488,-0.00940706488
0.285010571,6.20347551e-10,0.00947450101,-0.00947450101
0.286010604,6.85014434e-10,0.00949523877,-0.00949523784
0.287010637,6.85014434e-10,0.00946593657,-0.00946593564
0.288010671,6.46214304e-10,0.0093833115,-0.00938331056
0.289010704,5.42747292e-10,0.00924416538,-0.00924416445
0.290010738,4.13413498e-10,0.00904541183,-0.00904541183
0.291010771,2.84079704e-10,0.00878409669,-0.00878409669
0.292010804,1.54745911e-10,0.00845742505,-0.00845742505
0.293010866,2.54121169e-11,0.00806278829,-0.00806278829
0.294010899,-7.80549236e-11,0.00759778731,-0.00759778731
0.295010932,-1.4272182e-10,0.00706027448,-0.00706027448
0.296010966,-1.81521964e-10,0.00644836854,-0.00644836854
0.297010999,-1.68588588e-10,0.00576047506,-0.0057604746
0.298011033,-1.03921691e-10,0.00499534048,-0.00499534002
0.299011066,1.24787333e-11,0.00415205816,-0.00415205769
0.300011127,1.74145975e-10,0.00323010213,-0.00323010166
0.30101116,3.55213303e-10,0.00222935528,-0.00222935481
0.302011194,5.29813915e-10,0.00115013425,-0.0011501339
0.303011227,6.73697764e-10,-6.78760443e-06,6.78789547e-06
0.304011261,7.69080244e-10,-0.00124015531,0.00124015554
0.305011294,8.01413713e-10,-0.00254819659,0.00254819682
0.306011327,7.82026333e-10,-0.00392862083,0.00392862083
0.307011361,7.10918102e-10,-0.00537859043,0.00537858997
0.308011422,5.81609649e-10,-0.00689470395,0.00689470349
0.309011455,4.39393189e-10,-0.00847298466,0.00847298466
0.310011489,2.71309974e-10,-0.0101088686,0.0101088686
0.311011522,9.02426467e-11,-0.0117971869,0.0117971869
0.312011555,-6.4957914e-11,-0.0135321775,0.0135321775
0.313011589,-1.94291708e-10,-0.0153074535,0.0153074535
0.314011622,-2.97758762e-10,-0.0171160288,0.0171160288
0.315011656,-4.01225803e-10,-0.0189503133,0.0189503133
0.316011717,-5.30610333e-10,-0.0208021197,0.0208021197
0.31701175,-6.86013857e-10,-0.0226626787,0.0226626787
0.318011784,-7.89683874e-10,-0.0245226435,0.0245226435
0.319011817,-9.45188816e-10,-0.0263721328,0.0263721328
0.32001185,-1.15252885e-09,-0.0282007195,0.0282007195
0.321011884,-1.35986888e-09,-0.0299974922,0.0299974941
0.322011917,-1.35997036e-09,-0.0317510739,0.0317510739
0.323011978,-1.30823685e-09,-0.033449661,0.0334496573
0.324012012,-1.20466837e-09,-0.0350810625,0.0350810587
0.325012045,-8.93962793e-10,-0.0366327539,0.0366327502
0.326012078,-5.8325722e-10,-0.0380919278,0.038091924
0.327012112,-3.76120191e-10,-0.0394455418,0.0394455381
0.328012145,-3.76120191e-10,-0.0406803787,0.0406803787
0.329012179,-4.79587259e-10,-0.0417831242,0.0417831242
0.330012212,-7.89988408e-10,-0.0427404232,0.0427404232
0.331012273,-9.96719485e-10,-0.0435389616,0.0435389578
0.332012307,-1.4103847e-09,-0.0441655256,0.0441655219
0.33301234,-1.82404991e-09,-0.0446070954,0.0446070917
0.334012373,-2.0307811e-09,-0.0448509343,0.0448509268
0.335012407,-2.13424811e-09,-0.0448846556,0.0448846482
0.33601244,-2.13424811e-09,-0.0446963236,0.0446963161
0.337012473,-2.13445106e-09,-0.0442745276,0.0442745201
0.338012535,-2.031187e-09,-0.0436085053,0.0436084978
0.339012568,-2.13505991e-09,-0.0426882096,0.0426882021
0.340012601,-2.34239983e-09,-0.0415044017,0.0415043943
0.341012635,-2.5495368e-09,-0.0400487594,0.040048752
0.342012668,-2.65280087e-09,-0.0383139439,0.0383139364
0.343012702,-2.54852206e-09,-0.0362937339,0.0362937301
0.344012735,-2.08160111e-09,-0.0339830779,0.0339830741
0.345012768,-1.45937817e-09,-0.0313782133,0.0313782096
0.346012829,-6.30018149e-10,-0.0284767225,0.0284767188
0.347012863,1.99240402e-10,-0.0252776332,0.0252776295
0.348012896,7.17590432e-10,-0.0217814967,0.0217814911
0.34901293,8.21260449e-10,-0.017990429,0.0179904215
0.350012963,4.58567656e-10,-0.0139082521,0.0139082437
0.351012996,-2.92786156e-10,-0.0095404787,0.00954047032
0.35201303,-1.34211509e-09,-0.00489442283,0.00489441445
0.353013063,-2.58572386e-09,2.07851226e-05,-2.07932717e-05
0.354013124,-3.83455401e-09,0.00519414712,-0.0051941541
0.355013158,-4.87082286e-09,0.0106127681,-0.0106127746
0.356013191,-5.5443734e-09,0.0162618458,-0.0162618514
0.357013225,-5.82926285e-09,0.0221246481,-0.0221246518
0.358013258,-5.5701892e-09,0.0281824619,-0.0281824656
0.359013291,-4.8967399e-09,0.0344146825,-0.0344146863
0.360013325,-3.91228072e-09,0.040798787,-0.0407987945
0.361013386,-2.87598656e-09,0.0473103896,-0.047310397
0.362013419,-1.83948945e-09,0.0539232567,-0.0539232679
0.363013453,-1.11379939e-09,0.0606094003,-0.0606094114
0.364013486,-6.98916369e-10,0.0673391297,-0.0673391372
0.365013519,-5.95449356e-10,0.0740810707,-0.0740810782
0.366013553,-5.95652305e-10,0.0808023438,-0.0808023512
0.367013586,-5.96058258e-10,0.087468639,-0.0874686465
0.36801362,-1.42541823e-09,0.0940443575,-0.094044365
0.369013681,-2.87639246e-09,0.100492693,-0.100492693
0.370013714,-4.32777281e-09,0.106775828,-0.106775828
0.371013748,-5.57221869e-09,0.112855032,-0.112855032
0.372013781,-6.19505069e-09,0.118690915,-0.118690915
0.373013814,-6.40320241e-09,0.12424349,-0.12424349
0.374013848,-6.40401421e-09,0.129472449,-0.129472449
0.375013881,-5.99014616e-09,0.134337336,-0.134337351
0.376013942,-5.99014616e-09,0.138797775,-0.138797805
0.377013976,-6.61094823e-09,0.142813653,-0.142813683
0.378014009,-7.02400449e-09,0.146345377,-0.146345407
0.379014042,-7.22931492e-09,0.14935407,-0.1493541
0.380014076,-7.84849341e-09,0.151801854,-0.151801869
0.381014109,-7.639124e-09,0.153652057,-0.153652057
0.382014143,-6.80895207e-09,0.154869437,-0.154869422
0.383014176,-5.15104404e-09,0.155420482,-0.155420452
0.384014237,-3.07926773e-09,0.155273646,-0.155273616
0.38501427,-5.94435168e-10,0.154399589,-0.154399544
0.386014304,2.71813394e-09,0.152771398,-0.152771354
0.387014337,6.03070305e-09,0.150364831,-0.150364801
0.388014371,8.92859209e-09,0.147158608,-0.147158593
0.389014404,1.14126131e-08,0.143134609,-0.143134609
0.390014437,1.3275832e-08,0.138278022,-0.138278037
0.391014499,1.41035681e-08,0.132577717,-0.132577732
0.392014532,1.41027563e-08,0.126026288,-0.126026303
0.393014565,1.30664626e-08,0.118620321,-0.118620336
0.394014599,1.0580818e-08,0.110360511,-0.110360518
0.395014632,7.26703142e-09,0.101251937,-0.101251945
0.396014666,3.33244232e-09,0.0913040861,-0.0913040861
0.397014699,-6.02146777e-10,0.0805309638,-0.0805309564
0.398014732,-3.91471566e-09,0.0689513162,-0.0689513013
0.399014793,-6.3989396e-09,0.0565886088,-0.0565885864
0.400014827,-7.6403408e-09,0.0434710942,-0.0434710681
0.40101486,-7.53545315e-09,0.029631868,-0.0296318419
0.402014894,-6.03274541e-09,0.0151087893,-0.015108767
0.403014927,-3.31364047e-09,-5.53169702e-05,5.53337341e-05
0.40401496,4.04219547e-10,-0.0158129651,0.0158129744
0.405014994,4.8564992e-09,-0.0321118757,0.0321118794
0.406015027,9.51505363e-09,-0.04889521,0.04889521
0.407015088,1.42763641e-08,-0.0661016479,0.0661016479
0.408015122,1.87266647e-08,-0.0836655647,0.0836655647
0.409015155,2.20376108e-08,-0.10151729,0.10151729
0.410015188,2.41061393e-08,-0.1195831,0.1195831
0.411015222,2.4517977e-08,-0.137785599,0.137785599
0.412015255,2.38951454e-08,-0.156044051,0.156044051
0.413015289,2.22372378e-08,-0.174274608,0.174274608
0.41401535,1.97515924e-08,-0.192390651,0.192390665
0.415015383,1.60235309e-08,-0.210303128,0.210303143
0.416015417,1.10530536e-08,-0.227920935,0.227920964
0.41701545,6.08257666e-09,-0.245151401,0.24515143
0.418015483,1.94064764e-09,-0.261900455,0.261900485
0.419015517,-1.78741333e-09,-0.278073341,0.27807337
0.42001555,-4.68611416e-09,-0.293574959,0.293574959
0.421015584,-6.3432104e-09,-0.30831033,0.30831033
0.422015645,-7.17419413e-09,-0.322185099,0.322185099
0.423015678,-7.17744175e-09,-0.335106164,0.335106134
0.424015711,-7.18231297e-09,-0.346981913,0.346981883
0.425015745,-6.35944764e-09,-0.357722998,0.357722998
0.426015778,-3.05012615e-09,-0.367242724,0.367242724
0.427015812,1.91629179e-09,-0.375457644,0.375457644
0.428015845,8.5398062e-09,-0.382287979,0.382288009
0.429015906,1.68204171e-08,-0.387658268,0.387658298
0.43001594,2.5101027e-08,-0.391497821,0.39149785
0.431015973,3.08984269e-08,-0.39374119,0.39374122
0.432016006,3.50403546e-08,-0.394328654,0.394328654
0.43301604,3.42126185e-08,-0.393206775,0.393206745
0.434016073,2.92429529e-08,-0.390328735,0.390328705
0.435016106,2.17868319e-08,-0.385654837,0.385654807
0.43601614,1.10165175e-08,-0.379152983,0.379152983
0.437016201,-1.41089362e-09,-0.370798916,0.370798945
0.438016234,-1.13518475e-08,-0.36057657,0.36057663
0.439016268,-1.71492491e-08,-0.348478496,0.348478585
0.440016301,-1.71476255e-08,-0.334505916,0.334506035
0.441016335,-1.0517617e-08,-0.318669349,0.318669498
0.442016368,2.74077738e-09,-0.300988406,0.300988525
0.443016401,2.09712745e-08,-0.281492144,0.281492233
0.444016435,4.0029505e-08,-0.260219097,0.260219157
0.445016496,5.61866003e-08,-0.237217396,0.237217426
0.446016529,6.52998153e-08,-0.212544754,0.212544754
0.447016563,6.48843255e-08,-0.18626824,0.186268225
0.448016596,5.45262537e-08,-0.158464625,0.158464611
0.449016629,3.7125119e-08,-0.12921989,0.12921989
0.450016663,1.51665631e-08,-0.0986291096,0.0986291245
0.451016696,-7.2058608e-09,-0.0667961687,0.0667961985
0.452016757,-2.65734794e-08,-0.0338335745,0.0338336192
0.453016791,-3.98813746e-08,0.000138009651,-0.000137950046
0.454016824,-4.52763977e-08,0.0349901542,-0.0349900872
0.455016858,-4.24772075e-08,0.0705871955,-0.0705871284
0.456016891,-3.28417826e-08,0.106786326,-0.106786259
0.457016924,-1.81311961e-08,0.143438637,-0.143438578
0.458016958,-1.55617208e-09,0.180389553,-0.180389509
0.459016991,1.29462636e-08,0.217479393,-0.217479348
0.460017052,2.20611049e-08,0.254544109,-0.254544079
0.461017086,2.49598067e-08,0.291416079,-0.291416019
0.462017119,2.24701022e-08,0.327924818,-0.327924758
0.463017152,1.33503892e-08,0.363897473,-0.363897413
0.464017186,9.18107368e-10,0.399159998,-0.399159938
0.465017219,-9.85545423e-09,0.43353799,-0.43353793
0.46601728,-1.89702956e-08,0.466857374,-0.466857344
0.467017314,-2.39399611e-08,0.498945296,-0.498945266
0.468017347,-2.39367139e-08,0.529631138,-0.529631138
0.46901738,-1.97899137e-08,0.558747232,-0.558747292
0.470017414,-1.31566571e-08,0.586129963,-0.586130023
0.471017447,-6.52340049e-09,0.611620307,-0.611620367
0.472017481,1.76695192e-09,0.635065079,-0.635065138
0.473017514,5.08763964e-09,0.656317651,-0.656317711
0.474017547,1.77669435e-09,0.675238848,-0.675238907
0.475017581,-8.1626359e-09,0.691697657,-0.691697717
0.476017614,-2.14194067e-08,0.705572248,-0.705572307
0.477017648,-3.79903682e-08,0.716750562,-0.716750562
0.478017681,-5.2905861e-08,0.725131094,-0.725131035
0.47901777,-6.11962108e-08,0.730623484,-0.730623424
0.480017803,-6.45136495e-08,0.733149469,-0.733149409
0.481017837,-6.28614245e-08,0.732643187,-0.732643187
0.48201787,-5.62330378e-08,0.729051828,-0.729051888
0.483017903,-4.79426845e-08,0.722336113,-0.722336233
0.484017937,-3.9649084e-08,0.71247077,-0.712470889
0.48501797,-3.30077086e-08,0.699444592,-0.699444711
0.486018004,-2.80218053e-08,0.683261275,-0.683261395
0.487018037,-2.30359021e-08,0.663939178,-0.663939297
0.48801807,-2.13641922e-08,0.641511738,-0.641511798
0.489018104,-2.30099229e-08,0.616027236,-0.616027296
0.490018137,-2.79763412e-08,0.58754921,-0.587549269
0.491018171,-3.37769919e-08,0.556156099,-0.556156158
0.492018204,-3.70944306e-08,0.521940887,-0.521940947
0.493018237,-3.95841333e-08,0.485011548,-0.485011607
0.494018326,-3.62764361e-08,0.445490062,-0.445490152
0.49501836,-3.13132666e-08,0.403512329,-0.403512418
0.496018393,-2.30359039e-08,0.359227657,-0.359227747
0.497018426,-1.22704611e-08,0.312798083,-0.312798172
0.49801846,1.55326418e-10,0.264397949,-0.264398038
0.499018493,1.46561376e-08,0.214213103,-0.214213207
0.500018527,2.91618196e-08,0.162439957,-0.162440062
0.50101856,4.2013653e-08,0.109285362,-0.109285459
0.502018593,5.27957411e-08,0.0549649559,-0.0549650379
0.503018627,6.16091143e-08,-0.00029740241,0.000297333492
0.50401866,6.84487134e-08,-0.056270767,0.0562707111
0.505018694,7.36301828e-08,-0.112718061,0.112718016
0.506018727,7.73566171e-08,-0.16939719,0.169397146
0.50701876,8.06643143e-08,-0.226062372,0.226062328
0.508018794,8.39679544e-08,-0.282464623,0.282464564
0.509018883,8.85131968e-08,-0.338353664,0.338353574
0.510018916,9.3473119e-08,-0.393478841,0.393478721
0.511018949,1.0175048e-07,-0.447590351,0.447590202
0.512018983,1.1417464e-07,-0.500440538,0.500440359
0.513019016,1.2743466e-07,-0.551784933,0.551784694
0.51401905,1.37388611e-07,-0.601383686,0.601383388
0.515019083,1.44031617e-07,-0.64900279,0.649002492
0.516019116,1.50676243e-07,-0.694414854,0.694414556
0.51701915,1.5400343e-07,-0.737400711,0.737400472
0.518019183,1.55668644e-07,-0.777750671,0.777750432
0.519019216,1.57327364e-07,-0.81526494,0.815264702
0.52001925,1.5400343e-07,-0.849755466,0.849755228
0.521019283,1.49014284e-07,-0.881046414,0.881046176
0.522019317,1.39048979e-07,-0.908975422,0.908975184
0.52301935,1.25766235e-07,-0.933394313,0.933394015
0.524019439,1.05855101e-07,-0.954169869,0.954169571
0.525019472,8.59472138e-08,-0.97118479,0.971184433
0.526019506,6.77045406e-08,-0.984338224,0.984337807
0.527019539,5.27858006e-08,-0.993546426,0.993545949
0.528019573,4.45051889e-08,-0.998743236,0.9987427
0.529019606,3.95485138e-08,-0.999880612,0.999879956
0.530019639,3.62505581e-08,-0.996928751,0.996928096
0.531019673,3.6266794e-08,-0.989876628,0.989875913
0.532019706,3.79385021e-08,-0.97873199,0.978731215
0.533019739,3.9606963e-08,-0.963521302,0.963520527
0.534019773,3.62992658e-08,-0.944290042,0.944289327
0.535019806,2.96708809e-08,-0.921102285,0.92110157
0.53601984,1.97218064e-08,-0.894040525,0.894039869
0.537019873,6.45204601e-09,-0.863205492,0.863204956
0.538019906,-8.47643378e-09,-0.828715682,0.828715205
0.53901994,-2.67223559e-08,-0.790706694,0.790706277
0.540020029,-4.66269938e-08,-0.749330878,0.749330461
0.541020062,-6.65316335e-08,-0.704756021,0.704755604
0.542020095,-8.80917455e-08,-0.657166123,0.657165706
0.543020129,-1.09651857e-07,-0.606759071,0.606758595
0.544020162,-1.29553257e-07,-0.553746104,0.553745568
0.545020196,-1.50284009e-07,-0.498350978,0.498350412
0.546020229,-1.71016382e-07,-0.440808833,0.440808266
0.547020262,-1.90093289e-07,-0.38136515,0.381364614
0.548020296,-2.05855997e-07,-0.320274502,0.320274025
0.549020329,-2.16649042e-07,-0.257799417,0.257799
0.550020363,-2.24127078e-07,-0.194209054,0.194208696
0.551020396,-2.28703172e-07,-0.129777819,0.129777536
0.552020429,-2.33275202e-07,-0.0647843033,0.0647840798
0.553020463,-2.42087765e-07,0.000490192208,-0.000490374747
0.554020496,-2.59684157e-07,0.0657630339,-0.0657631829
0.555020585,-2.89818843e-07,0.13075158,-0.130751699
0.556020618,-3.34551913e-07,0.195175052,-0.195175126
0.557020652,-3.93782159e-07,0.258754343,-0.258754373
0.558020685,-4.63783522e-07,0.321214944,-0.321214885
0.559020719,-5.37516996e-07,0.382287741,-0.382287562
0.560020752,-6.07111815e-07,0.441710204,-0.441709906
0.561020785,-6.63456319e-07,0.499227852,-0.499227405
0.562020819,-6.99092823e-07,0.554595292,-0.554594696
0.563020852,-7.11536472e-07,0.607577443,-0.607576728
0.564020886,-6.99957923e-07,0.657950759,-0.657949865
0.565020919,-6.70156169e-07,0.705503941,-0.705502927
0.566020952,-6.23786718e-07,0.750039458,-0.750038326
0.567020986,-5.69130123e-07,0.791373968,-0.791372716
0.568021019,-5.12811596e-07,0.829339445,-0.829338014
0.569021052,-4.64773677e-07,0.863783598,-0.863782048
0.570021141,-4.26671818e-07,0.894571066,-0.894569457
0.571021175,-4.06793163e-07,0.921583712,-0.921582043
0.572021208,-4.05137683e-07,0.944720864,-0.944719076
0.573021242,-4.1673249e-07,0.963900089,-0.963898242
0.574021275,-4.38263385e-07,0.97905761,-0.979055703
0.575021308,-4.64757449e-07,0.990148187,-0.99014616
0.576021342,-4.87930834e-07,0.997145355,-0.997143269
0.577021375,-5.04472553e-07,1.00004172,-1.00003946
0.578021409,-5.09416225e-07,0.998848498,-0.998846173
0.579021442,-4.99454188e-07,0.9935956,-0.993593216
0.580021475,-4.696102e-07,0.98433131,-0.984328866
0.581021509,-4.21539795e-07,0.971122026,-0.971119463
0.582021542,-3.55242946e-07,0.954051614,-0.954048991
0.583021575,-2.74030612e-07,0.933221161,-0.93321842
0.584021609,-1.82869201e-07,0.908748209,-0.908745408
0.585021698,-8.67283845e-08,0.880766034,-0.880763173
0.586021731,7.76670106e-09,0.849422753,-0.849419832
0.587021765,9.89573365e-08,0.814881265,-0.814878345
0.588021798,1.86840282e-07,0.777317643,-0.777314723
0.589021831,2.66442612e-07,0.736920238,-0.736917377
0.590021865,3.39416545e-07,0.693888783,-0.693886042
0.591021898,4.0079243e-07,0.648433387,-0.648430765
0.592021931,4.50567029e-07,0.600773335,-0.600770891
0.593021965,4.9536709e-07,0.551135898,-0.551133692
0.594021998,5.39337805e-07,0.499755532,-0.499753505
0.595022032,5.89935269e-07,0.446872145,-0.446870297
0.596022065,6.54615633e-07,0.392730206,-0.392728537
0.597022098,7.38350138e-07,0.337577522,-0.337576002
0.598022132,8.41968188e-07,0.281663924,-0.281662583
0.599022165,9.65055847e-07,0.225240141,-0.225238994
0.600022254,1.10264273e-06,0.168556511,-0.168555588
0.601022287,1.24727273e-06,0.111861356,-0.1118607
0.602022321,1.3879677e-06,0.0554011725,-0.0554008372
0.603022354,1.51406039e-06,-0.000581856468,0.000581834116
0.604022388,1.61718458e-06,-0.0558506623,0.0558502302
0.605022421,1.69222039e-06,-0.110174239,0.11017336
0.606022454,1.73950082e-06,-0.163328722,0.163327366
0.607022488,1.76316928e-06,-0.215098456,0.215096593
0.608022521,1.7710953e-06,-0.265276849,0.265274465
0.609022555,1.77612014e-06,-0.313667268,0.313664347
0.610022588,1.7861131e-06,-0.360083938,0.360080451
0.611022621,1.80853021e-06,-0.404352635,0.404348582
0.612022655,1.84668397e-06,-0.446311355,0.446306735
0.613022688,1.89808645e-06,-0.485810906,0.48580575
0.614022722,1.95444886e-06,-0.522715569,0.522709906
0.61502281,2.00665318e-06,-0.556903422,0.556897223
0.616022844,2.04890011e-06,-0.588266909,0.588260174
0.617022877,2.06958862e-06,-0.616713047,0.616705775
0.618022911,2.06292134e-06,-0.642163515,0.642155647
0.619022944,2.02475462e-06,-0.664554894,0.66454649
0.620022977,1.95674374e-06,-0.683839023,0.683830082
0.621023011,1.86717932e-06,-0.699982703,0.699973226
0.622023044,1.76600383e-06,-0.712967575,0.712957621
0.623023078,1.66813606e-06,-0.72279036,0.72277993
0.624023111,1.57523471e-06,-0.729462206,0.729451299
0.625023144,1.49061725e-06,-0.733008623,0.732997239
0.626023178,1.41262819e-06,-0.733469129,0.733457267
0.627023211,1.33132494e-06,-0.730896711,0.730884373
0.628023245,1.23344751e-06,-0.725357354,0.725344598
0.629023278,1.10739131e-06,-0.716929615,0.716916502
0.630023311,9.44862734e-07,-0.705703914,0.705690503
0.6310234,7.4254109e-07,-0.691781938,0.691768289
0.632023434,5.00423141e-07,-0.675275803,0.675261974
0.633023467,2.26792793e-07,-0.656307697,0.656293869
0.6340235,-6.17790192e-08,-0.635008872,0.634995043
0.635023534,-3.53694276e-07,-0.611518621,0.611504912
0.636023567,-6.35689673e-07,-0.585983813,0.585970283
0.637023601,-8.95328071e-07,-0.558557868,0.558544517
0.638023634,-1.13177362e-06,-0.529399812,0.529386699
0.639023667,-1.34750621e-06,-0.498673558,0.498660743
0.640023701,-1.55080329e-06,-0.466546863,0.466534436
0.641023734,-1.75491516e-06,-0.433190554,0.433178574
0.642023767,-1.97309532e-06,-0.398777515,0.398766071
0.643023801,-2.21694336e-06,-0.363481909,0.363471091
0.644023834,-2.49226173e-06,-0.327478319,0.327468246
0.645023868,-2.80071231e-06,-0.290940821,0.290931582
0.646023957,-3.13732926e-06,-0.254042178,0.254033893
0.64702399,-3.49259153e-06,-0.216952786,0.216945559
0.648024023,-3.85159228e-06,-0.179840654,0.179834589
0.649024057,-4.19859271e-06,-0.142869949,0.142865136
0.65002409,-4.52054428e-06,-0.10620036,0.106196888
0.651024123,-4.80708832e-06,-0.0699865371,0.0699844584
0.652024157,-5.05345452e-06,-0.0343774557,0.0343768299
0.65302419,-5.25989344e-06,0.000484232063,-0.000483351032
0.654024224,-5.4308166e-06,0.0344627574,-0.0344603211
0.655024257,-5.57347721e-06,0.0674296394,-0.0674255937
0.65602429,-5.69560189e-06,0.0992642343,-0.0992585346
0.657024324,-5.80433107e-06,0.129854187,-0.129846781
0.658024357,-5.90515037e-06,0.1590956,-0.159086451
0.659024391,-6.00013072e-06,0.186893493,-0.186882555
0.660024424,-6.08761684e-06,0.21316196,-0.21314919
0.661024513,-6.16471425e-06,0.23782441,-0.237809762
0.662024546,-6.22521293e-06,0.260813862,-0.260797322
0.66302458,-6.26124529e-06,0.282072544,-0.282054067
0.664024613,-6.26784504e-06,0.301552445,-0.301532
0.665024646,-6.23714186e-06,0.319215089,-0.319192708
0.66602468,-6.16250736e-06,0.335031569,-0.33500725
0.667024713,-6.0406237e-06,0.348982334,-0.348956138
0.668024747,-5.86817214e-06,0.361057132,-0.361029088
0.66902478,-5.64348875e-06,0.371254712,-0.37122491
0.670024813,-5.36822381e-06,0.379582733,-0.379551232
0.671024847,-5.04402851e-06,0.386057317,-0.386024207
0.67202488,-4.67835525e-06,0.390702903,-0.390668303
0.673024914,-4.27617397e-06,0.393551797,-0.393515795
0.674024947,-3.84411169e-06,0.394643813,-0.394606531
0.67502498,-3.3912861e-06,0.394025862,-0.393987447
0.676025069,-2.92267327e-06,0.391751558,-0.391712129
0.677025103,-2.44159401e-06,0.387880683,-0.38784036
0.678025136,-1.95054145e-06,0.382478893,-0.382437825
0.679025169,-1.44786327e-06,0.375617057,-0.375575364
0.680025203,-9.30251701e-07,0.367370784,-0.367328584
0.681025236,-3.89424542e-07,0.357819974,-0.357777417
0.68202527,1.82075951e-07,0.347048163,-0.347005457
0.683025303,7.92535275e-07,0.335142165,-0.335099518
0.684025336,1.44692785e-06,0.322191477,-0.322149098
0.68502537,2.14608644e-06,0.30828774,-0.308245867
0.686025403,2.88752631e-06,0.293524265,-0.293483138
0.687025437,3.66296081e-06,0.277995437,-0.277955294
0.68802547,4.45954493e-06,0.261796266,-0.261757374
0.689025503,5.26153144e-06,0.245022029,-0.244984612
0.690025537,6.05317109e-06,0.227767572,-0.227731869
0.691025626,6.81995743e-06,0.210126966,-0.2100932
0.692025659,7.55069686e-06,0.192192882,-0.192161247
0.693025692,8.23999744e-06,0.174056679,-0.174027368
0.694025726,8.88619525e-06,0.15580748,-0.155780673
0.695025759,9.49384503e-06,0.137531936,-0.137507826
0.696025793,1.00697789e-05,0.119313888,-0.119292662
0.697025826,1.06212437e-05,0.10123416,-0.101216011
0.698025859,1.11550726e-05,0.0833701119,-0.0833552256
0.699025893,1.16747851e-05,0.0657954141,-0.065783985
0.700025926,1.21802741e-05,0.0485798232,-0.0485720299
0.70102596,1.26666682e-05,0.0317889191,-0.0317849368
0.702025993,1.31245888e-05,0.0154840192,-0.015484008
0.703026026,1.35422242e-05,-0.000278058695,0.00027395715
0.70402606,1.39065442e-05,-0.0154450973,0.0154367629
0.705026093,1.4205114e-05,-0.0299695916,0.0299569257
0.706026126,1.44277019e-05,-0.0438088179,0.0437917486
0.707026215,1.45675194e-05,-0.0569249839,0.0569034591
0.708026249,1.46216116e-05,-0.0692849383,0.0692589208
0.709026282,1.45902868e-05,-0.080860503,0.080829978
0.710026316,1.44761325e-05,-0.091628246,0.0915932208
0.711026349,1.42838062e-05,-0.101569518,0.101530015
0.712026382,1.4017035e-05,-0.110670343,0.110626414
0.713026416,1.36797516e-05,-0.118921302,0.118873022
0.714026449,1.32742343e-05,-0.126317441,0.1262649
0.715026482,1.28008942e-05,-0.132858098,0.132801428
0.716026516,1.22597312e-05,-0.13854675,0.138486117
0.717026549,1.16499177e-05,-0.143390879,0.143326461
0.718026583,1.09706252e-05,-0.147401735,0.147333726
0.719026616,1.02201993e-05,-0.15059416,0.150522783
0.720026649,9.39740039e-06,-0.152986377,0.152911887
0.721026683,8.5024385e-06,-0.154599786,0.154522449
0.722026772,7.53697486e-06,-0.155458659,0.155378759
0.723026805,6.50515631e-06,-0.155590028,0.155507863
0.724026838,5.41071086e-06,-0.155023336,0.154939204
0.725026872,4.25737198e-06,-0.153790221,0.15370445
0.726026905,3.05135427e-06,-0.151924282,0.151837215
0.727026939,1.79887036e-06,-0.149460778,0.149372786
0.728026972,5.07590016e-07,-0.146436498,0.146347955
0.729027005,-8.129565e-07,-0.14288938,0.142800674
0.730027039,-2.15385762e-06,-0.138858363,0.138769895
0.731027072,-3.50599157e-06,-0.134383112,0.134295285
0.732027106,-4.86085673e-06,-0.129503772,0.129417002
0.733027139,-6.21057006e-06,-0.124260791,0.124175489
0.734027172,-7.54911298e-06,-0.118694663,0.118611231
0.735027206,-8.87170972e-06,-0.112845741,0.112764589
0.736027239,-1.01754504e-05,-0.10675402,0.106675565
0.737027328,-1.14574259e-05,-0.100458913,0.100383557
0.738027361,-1.27147296e-05,-0.0939992219,0.0939273834
0.739027395,-1.39427984e-05,-0.0874128193,0.0873448998
0.740027428,-1.51360355e-05,-0.0807365328,0.0806729347
0.741027462,-1.6285323e-05,-0.0740060061,0.0739471242
0.742027495,-1.73801927e-05,-0.0672555491,0.0672017634
0.743027528,-1.84078981e-05,-0.060518086,0.0604697354
0.744027562,-1.93563137e-05,-0.0538249686,0.0537823737
0.745027595,-2.021414e-05,-0.047205925,0.0471693762
0.746027629,-2.09717327e-05,-0.0406889692,0.0406587236
0.747027662,-2.16223489e-05,-0.0343003199,0.0342765972
0.748027695,-2.21620921e-05,-0.0280643497,0.0280473363
0.749027729,-2.25898129e-05,-0.022003578,0.0219934266
0.750027762,-2.29060752e-05,-0.0161385946,0.0161354318
0.751027796,-2.3112425e-05,-0.0104880631,0.010491984
0.752027884,-2.32105194e-05,-0.00506865792,0.00507972855
0.753027918,-2.32010425e-05,0.000104790779,-8.65328984e-05
0.754027951,-2.3083363e-05,0.00501942029,-0.00499396957
0.755027985,-2.2855671e-05,0.00966427755,-0.0096316617
0.756028018,-2.25154981e-05,0.0140302563,-0.0139905373
0.757028051,-2.2060327e-05,0.0181100834,-0.0180633608
0.758028085,-2.1488444e-05,0.0218982678,-0.0218446795
0.759028118,-2.07996345e-05,0.0253910366,-0.0253307596
0.760028152,-1.99951901e-05,0.0285862833,-0.0285195298
0.761028185,-1.90776409e-05,0.0314835012,-0.0314105228
0.762028218,-1.80506122e-05,0.0340836942,-0.0340047777
0.763028252,-1.69177274e-05,0.0363893136,-0.0363047756
0.764028285,-1.56824608e-05,0.0384041741,-0.0383143686
0.765028318,-1.4347097e-05,0.0401333608,-0.0400386751
0.766028352,-1.29135087e-05,0.0415831394,-0.0414839983
0.767028441,-1.13836732e-05,0.0427608863,-0.0426577404
0.768028474,-9.76101728e-06,0.043674957,-0.0435682908
0.769028508,-8.05114178e-06,0.0443346314,-0.0442249514
0.770028541,-6.26285873e-06,0.0447499938,-0.0446378328
0.771028574,-4.40891472e-06,0.0449318625,-0.044817768
0.772028608,-2.50599123e-06,0.0448916815,-0.0447762124
0.773028641,-5.73462557e-07,0.044641424,-0.0445251539
0.774028674,1.36722497e-06,0.0441935249,-0.0440770201
0.775028708,3.29565864e-06,0.0435607657,-0.0434445962
0.776028741,5.19308196e-06,0.042756211,-0.0426409394
0.777028775,7.04477588e-06,0.0417931043,-0.0416792892
0.778028808,8.84057681e-06,0.0406847969,-0.0405729897
0.779028841,1.0575086e-05,0.0394446738,-0.0393354185
0.780028875,1.22472538e-05,0.0380860642,-0.0379799046
0.781028908,1.385831e-05,0.0366221964,-0.0365196653
0.782028997,1.54099507e-05,0.0350661092,-0.0349677354
0.783029031,1.69025261e-05,0.0334306359,-0.03333693
0.784029064,1.83332813e-05,0.0317283012,-0.0316397585
0.785029097,1.96956262e-05,0.0299713053,-0.0298883952
0.786029131,2.09786758e-05,0.0281714574,-0.0280946195
0.787029164,2.21680184e-05,0.0263401493,-0.0262697823
0.788029197,2.32473267e-05,0.0244883038,-0.024424769
0.789029231,2.41994458e-05,0.0226263609,-0.0225699712
0.790029264,2.50086687e-05,0.0207642242,-0.0207152441
0.791029298,2.5661775e-05,0.0189112481,-0.0188698974
0.792029331,2.61492223e-05,0.0170762111,-0.0170426648
0.793029364,2.64654063e-05,0.0152673004,-0.01524169
0.794029398,2.66084789e-05,0.0134920999,-0.0134745138
0.795029431,2.6579808e-05,0.0117575889,-0.0117480727
0.796029465,2.63830898e-05,0.010070133,-0.0100686885
0.797029498,2.60233955e-05,0.00843547285,-0.0084420573
0.798029587,2.55065897e-05,0.00685876934,-0.00687329285
0.79902962,2.48386114e-05,0.00534457248,-0.00536689581
0.800029654,2.40252975e-05,0.00389684294,-0.00392677588
0.801029687,2.30721344e-05,0.002518964,-0.0025562644
0.80202972,2.19842877e-05,0.0012137536,-0.00125812762
0.803029754,2.07666872e-05,-1.65121037e-05,-3.45923581e-05
0.804029787,1.94240893e-05,-0.001170089,0.00111264351
0.805029821,1.79611943e-05,-0.00224574213,0.00218238682
0.806029854,1.63828317e-05,-0.00324272295,0.00317392545
0.807029887,1.46942903e-05,-0.00416074647,0.00408700574
0.808029921,1.2901728e-05,-0.00499996217,0.00492180465
0.809029954,1.10127557e-05,-0.00576092582,0.00567890098
0.810029988,9.03710952e-06,-0.00644457946,0.00635925494
0.811030021,6.98703298e-06,-0.0070522069,0.00696416665
0.812030054,4.87762009e-06,-0.00758542167,0.00749526406
0.813030143,2.72668626e-06,-0.00804612599,0.00795446057
0.814030177,5.54093049e-07,-0.00843649358,0.0083439406
0.81503021,-1.61910498e-06,-0.00875893794,0.00866612513
0.816030243,-3.77209858e-06,-0.00901608728,0.00892364979
0.817030277,-5.88555395e-06,-0.00921075977,0.00911933556
0.81803031,-7.94296102e-06,-0.00934593379,0.00925616175
0.819030344,-9.93120102e-06,-0.00942472462,0.00933724176
0.820030377,-1.18407052e-05,-0.00945035834,0.00936579239
0.82103041,-1.36648832e-05,-0.00942614675,0.0093451133
0.822030444,-1.53990131e-05,-0.00935546216,0.00927855633
0.823030477,-1.70388121e-05,-0.00924171414,0.00916950498
0.82403051,-1.85788595e-05,-0.00908832625,0.00902134925
0.825030544,-2.00114318e-05,-0.00889871921,0.00883746892
0.826030577,-2.13258863e-05,-0.00867628772,0.0086212121
0.827030611,-2.25087861e-05,-0.00842438452,0.00837587845
0.8280307,-2.35449425e-05,-0.00814630929,0.00810471363
0.829030733,-2.44186558e-05,-0.00784528907,0.00781088881
0.830030766,-2.51155616e-05,-0.00752446475,0.00749748852
0.8310308,-2.56241874e-05,-0.0071868808,0.00716750417
0.832030833,-2.59369899e-05,-0.0068354723,0.00682382053
0.833030867,-2.60508386e-05,-0.00647305744,0.00646920642
0.8340309,-2.59666194e-05,-0.00610232679,0.00610630633
0.835030933,-2.56883159e-05,-0.00572583824,0.00573763112
0.836030967,-2.52215195e-05,-0.0053460109,0.00536555192
0.837031,-2.45720603e-05,-0.00496512093,0.00499229226
0.838031033,-2.37448912e-05,-0.00458530011,0.00461992901
0.839031067,-2.2743543e-05,-0.00420853356,0.00425038766
0.8400311,-2.15702676e-05,-0.00383665902,0.00388544262
0.841031134,-2.02269948e-05,-0.00347136566,0.00352671882
0.842031167,-1.87165115e-05,-0.00311419112,0.003175691
0.843031256,-1.70437779e-05,-0.00276653096,0.00283369492
0.844031289,-1.5217056e-05,-0.00242962874,0.0025019208
0.845031323,-1.3248402e-05,-0.00210458133,0.00218141987
0.846031356,-1.11534382e-05,-0.00179234019,0.0018731067
0.847031389,-8.95046833e-06,-0.00149371475,0.00157776196
0.848031423,-6.65903553e-06,-0.00120937696,0.0012960356
0.849031456,-4.29835745e-06,-0.000939867168,0.0010284509
0.85003149,-1.88596414e-06,-0.000685600971,0.000775409571
0.851031523,5.63136155e-07,-0.000446876045,0.000537196407
0.852031556,3.03652314e-06,-0.000223882613,0.000313989003
0.85303159,5.52365736e-06,-1.67091075e-05,0.000105863408
0.854031623,8.01457736e-06,0.000174649831,-8.71970915e-05
0.855031657,1.04982928e-05,0.000350286602,-0.000265293493
0.85603169,1.29613036e-05,0.000510374492,-0.000428602973
0.857031723,1.5386624e-05,0.000655163196,-0.000577372382
0.858031812,1.77535694e-05,0.000784970471,-0.000711908098
0.859031846,2.00384475e-05,0.000900179672,-0.000832572987
0.860031879,2.22160124e-05,0.00100123312,-0.000939779799
0.861031912,2.42614296e-05,0.00108862564,-0.00103398575
0.862031946,2.61523401e-05,0.00116289838,-0.00111568789
0.863031979,2.78705702e-05,0.00122463144,-0.00118541741
0.864032013,2.94031579e-05,0.00127443776,-0.00124373566
0.865032046,3.07424634e-05,0.00131295482,-0.00129122718
0.866032079,3.18853454e-05,0.00134084001,-0.00132849545
0.867032113,3.28316055e-05,0.00135876494,-0.00135615724
0.868032146,3.35820296e-05,0.00136741041,-0.00137483736
0.86903218,3.41364866e-05,0.00136746222,-0.00138516305
0.870032213,3.44924301e-05,0.00135960733,-0.00138775969
0.871032246,3.46441921e-05,0.00134453014,-0.00138324627
0.87203228,3.45831759e-05,0.00132290903,-0.00137223129
0.873032313,3.42989042e-05,0.00129541161,-0.00135530951
0.874032402,3.3780685e-05,0.00126269215,-0.00133305963
0.875032435,3.30195944e-05,0.00122538628,-0.00130604103
0.876032469,3.20103027e-05,0.00118410774,-0.00127479201
0.877032502,3.07524715e-05,0.00113944523,-0.00123982818
0.878032536,2.92513705e-05,0.00109196035,-0.00120164163
0.879032569,2.75177426e-05,0.0010421864,-0.00116070069
0.880032602,2.55668729e-05,0.000990627334,-0.00111744867
0.881032636,2.34171457e-05,0.000937758363,-0.00107230444
0.882032669,2.10883791e-05,0.000884026464,-0.00102566171
0.883032703,1.86002617e-05,0.000829850789,-0.000977889402
0.884032736,1.59711362e-05,0.000775622961,-0.000929330708
0.885032769,1.32173827e-05,0.00072170666,-0.000880302745
0.886032803,1.03534203e-05,0.000668436929,-0.000831095909
0.887032836,7.39223515e-06,0.000616119185,-0.000781973358
0.888032869,4.34632284e-06,0.00056502712,-0.000733170251
0.889032958,1.2287685e-06,0.000515403459,-0.000684895611
0.890032992,-1.94575114e-06,0.000467457721,-0.000637331628
0.891033025,-5.16027012e-06,0.000421367149,-0.000590635638
0.892033059,-8.39525273e-06,0.000377278251,-0.000544942857
0.893033092,-1.16287847e-05,0.000335308287,-0.000500368071
0.894033125,-1.48371955e-05,0.000295547943,-0.000457008631
0.895033159,-1.79959789e-05,0.000258064159,-0.000414946582
0.896033192,-2.10808339e-05,0.000222902832,-0.000374250551
0.897033225,-2.40686804e-05,0.000190091014,-0.000334976794
0.898033259,-2.69384509e-05,0.000159638847,-0.000297169929
0.899033292,-2.96715589e-05,0.000131540728,-0.000260862755
0.900033326,-3.22519845e-05,0.000105775929,-0.000226076023
0.901033359,-3.46659872e-05,8.23090668e-05,-0.000192818232
0.902033392,-3.69015252e-05,6.10904099e-05,-0.000161085787
0.903033426,-3.89475063e-05,4.20562537e-05,-0.000130863598
0.904033515,-4.07930347e-05,2.51302645e-05,-0.000102126971
0.905033548,-4.24268001e-05,1.02240156e-05,-7.48429738e-05
0.906033581,-4.3836757e-05,-2.76107608e-06,-4.89732083e-05
0.907033615,-4.50101797e-05,-1.39323192e-05,-2.44759667e-05
0.908033648,-4.59341172e-05,-2.34039508e-05,-1.30836088e-06
0.909033682,-4.65962075e-05,-3.12953998e-05,2.05720153e-05
0.910033715,-4.69857005e-05,-3.77298275e-05,4.12062655e-05
0.911033748,-4.70945452e-05,-4.28327075e-05,6.06339017e-05
0.912033782,-4.6918336e-05,-4.67305908e-05,7.88931211e-05
0.913033815,-4.64569057e-05,-4.95499735e-05,9.60213802e-05
0.914033849,-4.57144597e-05,-5.14159656e-05,0.000112055764
0.915033882,-4.46991908e-05,-5.24510833e-05,0.000127033243
0.916033915,-4.34224094e-05,-5.2773903e-05,0.00014099032
0.917033949,-4.18973286e-05,-5.2497795e-05,0.000153962363
0.918033982,-4.01377438e-05,-5.17297958e-05,0.000165982507
0.919034071,-3.81568498e-05,-5.05699791e-05,0.000177080656
0.920034104,-3.59664373e-05,-4.9111055e-05,0.000187282625
0.921034138,-3.3576649e-05,-4.74384724e-05,0.000196609719
0.922034171,-3.0996358e-05,-4.56309972e-05,0.00020507905
0.923034205,-2.8234097e-05,-4.3761509e-05,0.000212704428
0.924034238,-2.52993614e-05,-4.18976888e-05,0.000219497611
0.925034271,-2.22040017e-05,-4.01027537e-05,0.000225469936
0.926034305,-1.89634047e-05,-3.84355772e-05,0.000230633523
0.927034338,-1.55971647e-05,-3.69504742e-05,0.000235002255
0.928034372,-1.21290805e-05,-3.56964265e-05,0.000238591849
0.929034405,-8.58639578e-06,-3.47159912e-05,0.000241419359
0.930034438,-4.99843463e-06,-3.40440783e-05,0.000243501898
0.931034472,-1.39483154e-06,-3.3706845e-05,0.000244855095
0.932034561,2.19628464e-06,-3.37210658e-05,0.000245491654
0.933034539,5.74982096e-06,-3.40938714e-05,0.000245420029
0.934034627,9.24464621e-06,-3.48233771e-05,0.000244644209
0.935034605,1.26637551e-05,-3.58996003e-05,0.000243163915
0.936034694,1.59936371e-05,-3.73058938e-05,0.000240975933
0.937034672,1.92230145e-05,-3.90205059e-05,0.000238076042
0.938034761,2.23412098e-05,-4.10180255e-05,0.000234461259
0.939034739,2.53365397e-05,-4.32705092e-05,0.000230132035
0.940034828,2.81950415e-05,-4.57481219e-05,0.000225094089
0.941034806,3.08998642e-05,-4.84193479e-05,0.000219359499
0.942034895,3.34314282e-05,-5.1250845e-05,0.000212946994
0.943034983,3.57683421e-05,-5.42070775e-05,0.000205881472
0.944034961,3.78889017e-05,-5.72500612e-05,0.000198192894
0.94503505,3.97728654e-05,-6.03391964e-05,0.000189914746
0.946035028,4.14031492e-05,-6.34314929e-05,0.000181082563
0.947035117,4.27671366e-05,-6.64821564e-05,0.000171732521
0.948035095,4.38573443e-05,-6.94454211e-05,0.000161900578
0.949035184,4.46713711e-05,-7.22757104e-05,0.000151622124
0.950035162,4.52111635e-05,-7.49285537e-05,0.000140931996
0.951035251,4.54818182e-05,-7.73615247e-05,0.000129864959
0.952035228,4.54901419e-05,-7.95348169e-05,0.000118456344
0.953035317,4.52433378e-05,-8.1411541e-05,0.000106742737
0.954035295,4.4747987e-05,-8.2957682e-05,9.47625376e-05
0.955035384,4.40095828e-05,-8.41418878e-05,8.25562529e-05
0.956035362,4.30325745e-05,-8.49351854e-05,7.0166614e-05
0.957035451,4.18209238e-05,-8.53107704e-05,5.76384082e-05
0.95803554,4.03789491e-05,-8.5244028e-05,4.50182197e-05
0.959035518,3.87123073e-05,-8.47126939e-05,3.23540335e-05
0.960035607,3.68288529e-05,-8.3697334e-05,1.9694864e-05
0.961035584,3.47392233e-05,-8.21819558e-05,7.09043979e-06
0.962035673,3.2457101e-05,-8.01546703e-05,-5.40908923e-06
0.963035651,2.99990697e-05,-7.76083107e-05,-1.77533639e-05
0.96403574,2.73842015e-05,-7.4540927e-05,-2.98920222e-05
0.965035718,2.46334293e-05,-7.09560409e-05,-4.17748961e-05
0.966035807,2.17688576e-05,-6.68627035e-05,-5.33522725e-05
0.967035785,1.88131089e-05,-6.22753287e-05,-6.45751716e-05
0.968035874,1.57887862e-05,-5.7213354e-05,-7.53957138e-05
0.969035852,1.2718061e-05,-5.17008157e-05,-8.57675332e-05
0.97003594,9.62241211e-06,-4.57658934e-05,-9.56462172e-05
0.971035918,6.52245944e-06,-3.94404706e-05,-0.000104989784
0.972036007,3.43788156e-06,-3.27597154e-05,-0.000113759212
0.973036096,3.87377668e-07,-2.57616975e-05,-0.000121918929
0.974036074,-2.61132686e-06,-1.84870696e-05,-0.000129437234
0.975036163,-5.54143753e-06,-1.09787406e-05,-0.000136286719
0.976036141,-8.38698543e-06,-3.28155852e-06,-0.000142444464
0.97703623,-1.11326899e-05,4.55801592e-06,-0.000147892148
0.978036208,-1.3763778e-05,1.24922326e-05,-0.000152615816
0.979036296,-1.62658216e-05,2.04724183e-05,-0.000156605631
0.980036274,-1.86246398e-05,2.84493071e-05,-0.000159855321
0.981036363,-2.08263173e-05,3.63734034e-05,-0.000162361554
0.982036341,-2.28573772e-05,4.41953198e-05,-0.000164123368
0.98303643,-2.47051103e-05,5.18660963e-05,-0.000165141755
0.984036408,-2.63580259e-05,5.93374789e-05,-0.000165419406
0.985036497,-2.78063326e-05,6.65621701e-05,-0.000164960918
0.986036475,-2.90423613e-05,7.34939676e-05,-0.000163773206
0.987036564,-3.00608299e-05,8.00878333e-05,-0.000161866119
0.988036652,-3.08588569e-05,8.62998641e-05,-0.000159253294
0.98903663,-3.14357239e-05,9.20872117e-05,-0.000155952817
0.990036719,-3.17924059e-05,9.74079958e-05,-0.000151987726
0.991036697,-3.19309984e-05,0.000102221275,-0.000147386017
0.992036786,-3.18541497e-05,0.000106487176,-0.000142180361
0.993036764,-3.15646539e-05,0.00011016729,-0.000136407252
0.994036853,-3.10653304e-05,0.000113225375,-0.000130105953
0.995036831,-3.0359246e-05,0.000115628347,-0.000123317397
0.99603692,-2.94502297e-05,0.000117347561,-0.000116083153
0.997036897,-2.83435929e-05,0.000118360083,-0.000108444699
0.998036986,-2.704689e-05,0.000118649987,-0.000100443256
0.999036964,-2.55705218e-05,0.000118209209,-9.21199535e-05
1.00003705,-2.3927998e-05,0.000117037911,-8.35164101e-05
1.00103703,-2.21357823e-05,0.000115144176,-7.46754522e-05
1.00203712,-2.02126866e-05,0.000112542999,-6.56417469e-05
1.00303721,-1.81789037e-05,0.000109254695,-5.64620968e-05
1.00403719,-1.60548498e-05,0.000105302977,-4.71852836e-05
1.00503728,-1.3860039e-05,0.00010071299,-3.78613768e-05
1.00603725,-1.1612201e-05,9.55096912e-05,-2.85405986e-05
1.00703734,-9.32682906e-06,8.97168647e-05,-1.92719763e-05
1.00803732,-7.01721865e-06,8.33570157e-05,-1.01020059e-05
1.00903741,-4.69498082e-06,7.64521756e-05,-1.07364781e-06
1.01003739,-2.37089967e-06,6.90254165e-05,7.77415153e-06
1.01103748,-5.59341515e-08,6.110291e-05,1.64063113e-05
1.01203745,2.23786901e-06,5.27160337e-05,2.47908847e-05
1.01303754,4.49675645e-06,4.39030628e-05,3.2897944e-05
1.01403752,6.70508507e-06,3.47101814e-05,4.06983454e-05
1.01503761,8.84561359e-06,2.51914444e-05,4.81627103e-05
1.01603759,1.0900214e-05,1.54077516e-05,5.5260869e-05
1.01703768,1.28508482e-05,5.42490034e-06,6.19619532e-05
1.01803777,1.46806278e-05,-4.6888963e-06,6.8235182e-05
1.01903774,1.63747372e-05,-1.48656263e-05,7.40511387e-05
1.02003783,1.7921071e-05,-2.50397734e-05,7.93832805e-05
1.02103781,1.93104861e-05,-3.51499184e-05,8.42094742e-05
1.0220379,2.05366523e-05,-4.51394335e-05,8.85130648e-05
1.02303788,2.15955897e-05,-5.49562355e-05,9.22833933e-05
1.02403797,2.24850046e-05,-6.45517575e-05,9.55156138e-05
1.02503794,2.32035854e-05,-7.38794988e-05,9.82098791e-05
1.02603803,2.37503882e-05,-8.2893479e-05,0.000100370162
1.02703801,2.41244325e-05,-9.15470082e-05,0.000102002887
1.0280381,2.43245449e-05,-9.97921161e-05,0.000103115788
1.02903808,2.43494524e-05,-0.000107579719,0.000103717226
1.03003817,2.41980779e-05,-0.000114860537,0.000103815997
1.03103814,2.38699522e-05,-0.000121586541,0.000103421742
1.03203823,2.33656901e-05,-0.000127712716,0.000102545717
1.03303832,2.26874217e-05,-0.000133198715,0.000101201695
1.0340383,2.1839176e-05,-0.000138010146,9.94066868e-05
1.03503839,2.08271522e-05,-0.00014211933,9.7181306e-05
1.03603837,1.96598648e-05,-0.00014550543,9.45495558e-05
1.03703846,1.83481679e-05,-0.000148153908,9.1538066e-05
1.03803843,1.69051218e-05,-0.000150055595,8.81749438e-05
1.03903852,1.53456895e-05,-0.000151205604,8.44884416e-05
1.0400385,1.36862491e-05,-0.000151602202,8.05057425e-05
1.04103859,1.19439519e-05,-0.000151245986,7.62521522e-05
1.04203857,1.0135941e-05,-0.0001501394,7.1750881e-05
1.04303866,8.27852818e-06,-0.000148286737,6.7023444e-05
1.04403863,6.38642632e-06,-0.000145694386,6.20906649e-05
1.04503872,4.47217963e-06,-0.000142371515,5.69740005e-05
1.0460387,2.54592419e-06,-0.000138330841,5.16969267e-05
1.04703879,6.15533054e-07,-0.000133589492,4.62861281e-05
1.04803888,-1.3127908e-06,-0.000128169704,4.077216e-05
1.04903886,-3.23358404e-06,-0.000122099416,3.51894814e-05
1.05003894,-5.14097155e-06,-0.000115412557,2.95757964e-05
1.05103892,-7.0275255e-06,-0.000108149878,2.39716755e-05
1.05203901,-8.88336035e-06,-0.000100356832,1.8417124e-05
1.05303899,-1.06956768e-05,-9.20834864e-05,1.29504333e-05
1.05403908,-1.2448897e-05,-8.33836239e-05,7.60665989e-06
1.05503906,-1.41254068e-05,-7.43134879e-05,2.41640146e-06
1.05603915,-1.57068134e-05,-6.49300782e-05,-2.59524813e-06
1.05703912,-1.71755019e-05,-5.52895581e-05,-7.40899168e-06
1.05803921,-1.85161989e-05,-4.54459041e-05,-1.20110308e-05
1.05903919,-1.97172503e-05,-3.54499643e-05,-1.63922505e-05
1.06003928,-2.07713583e-05,-2.53491216e-05,-2.05470169e-05
1.06103926,-2.16756234e-05,-1.51876493e-05,-2.44717376e-05
1.06203935,-2.24308988e-05,-5.00775695e-06,-2.81633656e-05
1.06303943,-2.3040584e-05,5.14884778e-06,-3.16180121e-05
1.06403941,-2.35091175e-05,1.52391749e-05,-3.48298454e-05
1.0650395,-2.38404918e-05,2.52173049e-05,-3.77904216e-05
1.06603948,-2.40371064e-05,3.50332884e-05,-4.04885359e-05
1.06703957,-2.40991794e-05,4.46329032e-05,-4.29106658e-05
1.06803955,-2.40248537e-05,5.39584653e-05,-4.50419902e-05
1.06903963,-2.38109369e-05,6.29506685e-05,-4.68678736e-05
1.07003961,-2.34540985e-05,7.15511997e-05,-4.83756339e-05
1.0710397,-2.29522502e-05,7.97057291e-05,-4.95563618e-05
1.07203968,-2.23057923e-05,8.73667304e-05,-5.04064737e-05
1.07303977,-2.15184355e-05,9.44956046e-05,-5.09287493e-05
1.07403975,-2.05974375e-05,0.000101063641,-5.1132607e-05
1.07503983,-1.9553192e-05,0.000107051659,-5.10335485e-05
1.07603981,-1.83982847e-05,0.000112448317,-5.06517863e-05
1.0770399,-1.71462179e-05,0.000117247502,-5.00102651e-05
1.07803988,-1.5810112e-05,0.000121445235,-4.91323808e-05
1.07903997,-1.44016285e-05,0.000125036808,-4.80398376e-05
1.08004006,-1.29303744e-05,0.000128014784,-4.67509672e-05
1.08104004,-1.14038667e-05,0.000130368237,-4.52798849e-05
1.08204012,-9.82804886e-06,0.000132083456,-4.36365845e-05
1.0830401,-8.20819969e-06,0.000133146081,-4.18279815e-05
1.08404019,-6.55002714e-06,0.000133544047,-3.9859613e-05
1.08504017,-4.86065437e-06,0.000133270878,-3.77376746e-05
1.08604026,-3.14928957e-06,0.000132328569,-3.54709118e-05
1.08704024,-1.42741044e-06,0.000130729328,-3.30719449e-05
1.08804032,2.9156638e-07,0.000128495958,-3.05577341e-05
1.0890403,1.9930726e-06,0.000125660561,-2.79490941e-05
1.09004039,3.66245968e-06,0.000122261918,-2.52693426e-05
1.09104037,5.28612782e-06,0.000118342017,-2.25424046e-05
1.09204046,6.8524987e-06,0.000113942413,-1.9790803e-05
1.09304044,8.35263381e-06,0.000109101173,-1.70340099e-05
1.09404052,9.78039952e-06,0.000103851002,-1.4287516e-05
1.09504061,1.11321633e-05,9.82189231e-05,-1.156285e-05
1.09604059,1.24060962e-05,9.22275431e-05,-8.86851558e-06
1.09704068,1.36012295e-05,8.58975545e-05,-6.21162053e-06
1.09804066,1.47164501e-05,7.92509964e-05,-3.5997914e-06
1.09904075,1.5749627e-05,7.23144549e-05,-1.04288029e-06
1.10004073,1.66970167e-05,6.51216251e-05,1.44595856e-06
1.10104081,1.75530458e-05,5.77145656e-05,3.85013573e-06
1.10204079,1.83105076e-05,5.01433897e-05,6.15050976e-06
1.10304088,1.89611419e-05,4.24644459e-05,8.32712612e-06
1.10404086,1.94964869e-05,3.47372916e-05,1.03614402e-05
1.10504095,1.99089118e-05,2.70209985e-05,1.22385445e-05
1.10604093,2.01926341e-05,1.93705091e-05,1.39488957e-05
1.10704101,2.03446125e-05,1.18336538e-05,1.54891495e-05
1.10804099,2.03651452e-05,4.44937223e-06,1.68619081e-05
1.10904108,2.02580995e-05,-2.75263528e-06,1.80744391e-05
1.11004117,2.00307131e-05,-9.75082276e-06,1.91366235e-05
1.11104115,1.96929486e-05,-1.65295623e-05,2.00586019e-05
1.11204124,1.92565076e-05,-2.3076238e-05,2.08486126e-05
1.11304121,1.873359e-05,-2.93782377e-05,2.15114742e-05
1.1140413,1.81355972e-05,-3.54203985e-05,2.20480197e-05
1.11504128,1.74719717e-05,-4.11833607e-05,2.24555533e-05
1.11604137,1.67493654e-05,-4.66430683e-05,2.27291657e-05
1.11704135,1.59713109e-05,-5.17714798e-05,2.28635763e-05
1.11804144,1.51384629e-05,-5.65382798e-05,2.28550525e-05
1.11904142,1.42494127e-05,-6.09133058e-05,2.27029523e-05
1.1200415,1.33019475e-05,-6.4869193e-05,2.24105734e-05
1.12104148,1.22945403e-05,-6.83838589e-05,2.19851463e-05
1.12204157,1.1227804e-05,-7.14423732e-05,2.1437043e-05
1.12304155,1.0105603e-05,-7.40379764e-05,2.07784287e-05
1.12404164,8.93559445e-06,-7.61721167e-05,2.00217401e-05
1.12504173,7.72905332e-06,-7.78535323e-05,1.91783729e-05
1.1260417,6.49997673e-06,-7.90965496e-05,1.82578897e-05
1.12704179,5.26362328e-06,-7.9918922e-05,1.72679083e-05
1.12804177,4.0347586e-06,-8.03395087e-05,1.62146735e-05
1.12904186,2.82595761e-06,-8.03762159e-05,1.51040922e-05
1.13004184,1.64632706e-06,-8.00444905e-05,1.39429421e-05
1.13104193,5.00914098e-07,-7.93565414e-05,1.27398862e-05
1.1320419,-6.09043923e-07,-7.83214928e-05,1.15060038e-05
1.13304199,-1.68507665e-06,-7.69463513e-05,1.02546683e-05
1.13404197,-2.72986472e-06,-7.52376291e-05,9.00076157e-06
1.13504206,-3.74539627e-06,-7.32033295e-05,7.75939861e-06
1.13604204,-4.73131695e-06,-7.08549342e-05,6.54444193e-06
1.13704213,-5.68385258e-06,-6.82090104e-05,5.36714697e-06
1.1380421,-6.59557236e-06,-6.52880772e-05,4.23523807e-06
1.13904219,-7.45606485e-06,-6.21206054e-05,3.15262378e-06
1.14004228,-8.25340885e-06,-5.87399663e-05,2.11979022e-06
1.14104226,-8.9761179e-06,-5.51825724e-05,1.13477108e-06
1.14204235,-9.6151316e-06,-5.14854146e-05,1.94455083e-07
1.14304233,-1.01654059e-05,-4.76834575e-05,-7.04061506e-07
1.14404242,-1.06267307e-05,-4.3807333e-05,-1.56236467e-06
1.14504239,-1.10035789e-05,-3.98817756e-05,-2.38007055e-06
1.14604248,-1.13040014e-05,-3.59250771e-05,-3.15471198e-06
1.14704246,-1.15378152e-05,-3.19497267e-05,-3.88212311e-06
1.14804255,-1.17144773e-05,-2.79640772e-05,-4.55716054e-06
1.14904253,-1.18411308e-05,-2.39747696e-05,-5.17454328e-06
1.15004262,-1.192126e-05,-1.99894275e-05,-5.72959243e-06
1.15104259,-1.19542492e-05,-1.60190793e-05,-6.21871004e-06
1.15204268,-1.19359474e-05,-1.20798104e-05,-6.63953688e-06
1.15304266,-1.18600856e-05,-8.19329216e-06,-6.9908333e-06
1.15404275,-1.1720208e-05,-4.38603411e-06,-7.27221186e-06
1.15504284,-1.15116536e-05,-6.87475449e-07,-7.48389175e-06
1.15604282,-1.12331172e-05,2.87275111e-06,-7.62663058e-06
1.15704291,-1.08874247e-05,6.2678555e-06,-7.70191946e-06
1.15804288,-1.04813398e-05,9.47666194e-06,-7.7124314e-06
1.15904297,-1.0024467e-05,1.24855724e-05,-7.66261292e-06
1.16004295,-9.52752089e-06,1.52893645e-05,-7.55923247e-06
1.16104304,-9.00040231e-06,1.78906666e-05,-7.41167742e-06
1.16204302,-8.4505491e-06,2.02982465e-05,-7.23183075e-06
1.16304311,-7.8819794e-06,2.25244494e-05,-7.03344176e-06
1.16404308,-7.29527255e-06,2.45823048e-05,-6.83102917e-06
1.16504317,-6.68848452e-06,2.64828577e-05,-6.63847868e-06
1.16604315,-6.05879177e-06,2.82332221e-05,-6.46758872e-06
1.16704324,-5.40443807e-06,2.98356699e-05,-6.32685715e-06
1.16804322,-4.726508e-06,3.12878838e-05,-6.22076914e-06
1.16904331,-4.03005333e-06,3.25842229e-05,-6.14975897e-06
1.1700434,-3.32426794e-06,3.37176862e-05,-6.11087262e-06
1.17104337,-2.62161711e-06,3.46820925e-05,-6.09902008e-06
1.17204346,-1.93608321e-06,3.54740514e-05,-6.10857296e-06
1.17304344,-1.2809071e-06,3.60943013e-05,-6.13498969e-06
1.17404353,-6.66327878e-07,3.65482083e-05,-6.17614933e-06
1.17504351,-9.78446337e-08,3.68453802e-05,-6.23313554e-06
1.1760436,4.24590951e-07,3.69985682e-05,-6.31033026e-06
1.17704357,9.06247692e-07,3.70221387e-05,-6.41483302e-06
1.17804366,1.35620405e-06,3.69305126e-05,-6.55535177e-06
1.17904364,1.78515018e-06,3.67368666e-05,-6.74082003e-06
1.18004373,2.2028762e-06,3.64523657e-05,-6.97903079e-06
1.18104371,2.61598984e-06,3.60860322e-05,-7.27556107e-06
1.1820438,3.0263584e-06,3.56451601e-05,-7.6331653e-06
1.18304377,3.43059719e-06,3.51360868e-05,-8.05170475e-06
1.18404386,3.82070129e-06,3.45650951e-05,-8.52855737e-06
1.18504395,4.18565742e-06,3.39391081e-05,-9.05933211e-06
1.18604393,4.51366714e-06,3.32660347e-05,-9.63868024e-06
1.18704402,4.79448408e-06,3.2554628e-05,-1.02609783e-05
1.188044,5.02136299e-06,3.18139173e-05,-1.09207213e-05
1.18904409,5.19221521e-06,3.10523392e-05,-1.16125566e-05
1.19004406,5.30976058e-06,3.02768094e-05,-1.2330991e-05
1.19104415,5.38069298e-06,2.94919682e-05,-1.30698963e-05
1.19204413,5.4140869e-06,2.86997692e-05,-1.3821983e-05
1.19304422,5.41943973e-06,2.78995267e-05,-1.45784306e-05
1.1940442,5.40478959e-06,2.70884029e-05,-1.53288056e-05
1.19504429,5.3753115e-06,2.62622161e-05,-1.6061329e-05
1.19604426,5.33266893e-06,2.54163697e-05,-1.67634462e-05
1.19704435,5.27519433e-06,2.45466908e-05,-1.74226006e-05
1.19804433,5.19880314e-06,2.365e-05,-1.80270217e-05
1.19904442,5.09836445e-06,2.27242854e-05,-1.85663521e-05
1.20004451,4.96918892e-06,2.17684919e-05,-1.9031977e-05
1.20104449,4.8082893e-06,2.07819849e-05,-1.94169716e-05
1.20204457,4.61514765e-06,1.9763871e-05,-1.97156896e-05
1.20304455,4.39186852e-06,1.87123569e-05,-1.99230944e-05
1.20404464,4.1427561e-06,1.76243029e-05,-2.00339873e-05
1.20504462,3.87347654e-06,1.64951125e-05,-2.0042311e-05
1.20604471,3.59005935e-06,1.53189594e-05,-1.99406986e-05
1.20704469,3.29800241e-06,1.40892944e-05,-1.97203681e-05
1.20804478,3.00168495e-06,1.27995054e-05,-1.93713749e-05
1.20904475,2.70419264e-06,1.14435525e-05,-1.88831946e-05
1.21004484,2.40754002e-06,1.00164252e-05,-1.82454933e-05
1.21104482,2.1131525e-06,8.51430559e-06,-1.74489342e-05
1.21204491,1.82242604e-06,6.93441962e-06,-1.64858775e-05
1.21304489,1.53715587e-06,5.27461862e-06,-1.53508518e-05
1.21404498,1.25968745e-06,3.53283122e-06,-1.40407337e-05
1.21504506,9.92729156e-07,1.70655051e-06,-1.2554653e-05
1.21604504,7.38877361e-07,-2.07479047e-07,-1.08936811e-05
1.21704513,4.99992325e-07,-2.21324899e-06,-9.06041259e-06
1.21804511,2.76625741e-07,-4.3151058e-06,-7.05855746e-06
1.2190452,6.76872389e-08,-6.5170434e-06,-4.89263493e-06
1.22004518,-1.29508564e-07,-8.82179938e-06,-2.56783164e-06
1.22104526,-3.1877579e-07,-1.12299331e-05,-9.00288342e-08
1.22204524,-5.04244213e-07,-1.37390862e-05,2.53403914e-06
1.22304533,-6.89363844e-07,-1.63435925e-05,5.29656381e-06
1.22404531,-8.75959472e-07,-1.90345272e-05,8.1884582e-06
1.2250454,-1.06356288e-06,-2.1800206e-05,1.11992358e-05
1.22604538,-1.24920325e-06,-2.46270447e-05,1.43170128e-05
1.22704547,-1.4277316e-06,-2.75005968e-05,1.75286277e-05
1.22804544,-1.59263811e-06,-3.04065725e-05,2.08198435e-05
1.22904553,-1.73720719e-06,-3.33316202e-05,2.41755697e-05
1.23004562,-1.85577267e-06,-3.62637111e-05,2.75800285e-05
1.2310456,-1.94481095e-06,-3.91920657e-05,3.10168216e-05
1.23204569,-2.00363797e-06,-4.21065997e-05,3.44688597e-05
1.23304567,-2.03456216e-06,-4.49970612e-05,3.79181511e-05
1.23404575,-2.04245976e-06,-4.78520014e-05,4.13455527e-05
1.23504573,-2.0338623e-06,-5.06578217e-05,4.47304737e-05
1.23604582,-2.01574358e-06,-5.33980965e-05,4.80507151e-05
1.2370458,-1.99425972e-06,-5.60533372e-05,5.12824408e-05
1.23804589,-1.97369195e-06,-5.86012429e-05,5.44003888e-05
1.23904587,-1.95580265e-06,-6.10174102e-05,5.73782963e-05
1.24004595,-1.93971027e-06,-6.32763767e-05,6.01895263e-05
1.24104593,-1.92229572e-06,-6.53528405e-05,6.28077978e-05
1.24204602,-1.89903358e-06,-6.72227761e-05,6.52079325e-05
1.243046,-1.86506895e-06,-6.88642831e-05,6.73664836e-05
1.24404609,-1.81631378e-06,-7.0258051e-05,6.92621325e-05
1.24504607,-1.75034893e-06,-7.13873378e-05,7.08758525e-05
1.24604616,-1.66696793e-06,-7.22375189e-05,7.21907127e-05
1.24704624,-1.56827218e-06,-7.27953229e-05,7.31914479e-05
1.24804622,-1.45832837e-06,-7.30479442e-05,7.38638482e-05
1.24904631,-1.34246352e-06,-7.2982235e-05,7.41940821e-05
1.25004629,-1.22636243e-06,-7.25841601e-05,7.41681288e-05
1.25104638,-1.11512691e-06,-7.18386655e-05,7.37714799e-05
1.25204636,-1.01247792e-06,-7.07299914e-05,7.29891472e-05
1.25304644,-9.20232992e-07,-6.92424292e-05,7.18061274e-05
1.25404642,-8.38132053e-07,-6.73614049e-05,7.02082471e-05
1.25504651,-7.64029835e-07,-6.50746952e-05,6.8183268e-05
1.25604649,-6.94401365e-07,-6.23736414e-05,6.57221753e-05
1.25704658,-6.25062569e-07,-5.925406e-05,6.28203707e-05
1.25804656,-5.51976768e-07,-5.57168387e-05,5.94785815e-05
1.25904664,-4.72013625e-07,-5.17680382e-05,5.57032909e-05
1.26004662,-3.83538975e-07,-4.74185108e-05,5.15065913e-05
1.26104671,-2.86734746e-07,-4.26831466e-05,4.69054066e-05
1.2620468,-1.83610581e-07,-3.75798154e-05,4.19202115e-05
1.26304678,-7.76928317e-08,-3.21282314e-05,3.65733904e-05
1.26404687,2.6547859e-08,-2.63488764e-05,3.08875715e-05
1.26504685,1.24447894e-07,-2.02621704e-05,2.48841934e-05
1.26604693,2.1195487e-07,-1.38880041e-05,1.85826193e-05
1.26704691,2.86351394e-07,-7.24569827e-06,1.20000077e-05
1.268047,3.46765887e-07,-3.54403255e-07,5.15201418e-06
1.26904698,3.94369863e-07,6.76613536e-06,-1.94572476e-06
1.27004707,4.32207742e-07,1.40945385e-05,-9.27556175e-06
1.27104705,4.64671018e-07,2.16066546e-05,-1.68156002e-05
1.27204713,4.96687505e-07,2.92744626e-05,-2.45376577e-05
1.27304711,5.32763863e-07,3.70652306e-05,-3.24058528e-05
1.2740472,5.76051491e-07,4.49410218e-05,-4.03761078e-05
1.27504718,6.27621603e-07,5.2858697e-05,-4.83967815e-05
1.27604727,6.86105579e-07,6.07704205e-05,-5.64103793e-05
1.27704736,7.47800243e-07,6.86246858e-05,-6.43561361e-05
1.27804733,8.07253173e-07,7.63677235e-05,-7.21730976e-05
1.27904742,8.58244164e-07,8.39451459e-05,-7.98031615e-05
1.2800474,8.94998436e-07,9.13036783e-05,-8.71936209e-05
1.28104749,9.13400584e-07,9.83926366e-05,-9.42987681e-05
1.28204747,9.11973416e-07,0.000105165098,-0.000101080266
1.28304756,8.92396315e-07,0.000111578447,-0.000107506305
1.28404753,8.59442139e-07,0.000117594362,-0.000113549664
1.28504762,8.20305786e-07,0.000123178164,-0.000119185104
1.2860476,7.83414862e-07,0.000128297703,-0.000124386614
1.28704769,7.5694544e-07,0.000132921996,-0.000129125023
1.28804767,7.47312015e-07,0.000137019873,-0.000133366484
1.28904776,7.57926045e-07,0.000140558943,-0.000137072173
1.29004774,7.8849331e-07,0.000143505153,-0.000140199249
1.29104782,8.34980767e-07,0.000145822953,-0.000142702906
1.29204791,8.90287311e-07,0.000147476356,-0.000144539241
1.29304789,9.45511545e-07,0.000148430496,-0.000145668353
1.29404798,9.91553179e-07,0.000148653649,-0.00014605718
1.29504796,1.02077115e-06,0.000148119245,-0.000145681595
1.29604805,1.02833997e-06,0.000146807666,-0.000144527381
1.29704802,1.01307501e-06,0.000144707374,-0.00014259007
1.29804811,9.77554691e-07,0.000141815195,-0.000139873664
1.29904809,9.2752083e-07,0.000138135729,-0.000136388582
